{"pr": 2, "time_start": 1536825465.878023, "bytes_out": 8, "sp": null, "packets": [{"b": 8, "ipt": 0, "dir": "<"}], "time_end": 1536825465.878023, "byte_dist_std": 107.733467, "da": "224.0.0.251", "wht": [63.75, 0, -2.25, 61.5], "idp_out": "460000200050000001027f0fc0a803d5e00000fb9404000016000904e00000fb", "entropy": 2.405639, "num_pkts_out": 1, "idp_len_out": 32, "ip": {"out": {"id": [80], "ttl": 1}}, "total_entropy": 19.245111, "sa": "192.168.3.213", "byte_dist": [3, 0, 0, 0, 1, 0, 0, 0, 0, 1, 0, 0, 0, 0, 0, 0, 0, 0, 0, 0, 0, 0, 1, 0, 0, 0, 0, 0, 0, 0, 0, 0, 0, 0, 0, 0, 0, 0, 0, 0, 0, 0, 0, 0, 0, 0, 0, 0, 0, 0, 0, 0, 0, 0, 0, 0, 0, 0, 0, 0, 0, 0, 0, 0, 0, 0, 0, 0, 0, 0, 0, 0, 0, 0, 0, 0, 0, 0, 0, 0, 0, 0, 0, 0, 0, 0, 0, 0, 0, 0, 0, 0, 0, 0, 0, 0, 0, 0, 0, 0, 0, 0, 0, 0, 0, 0, 0, 0, 0, 0, 0, 0, 0, 0, 0, 0, 0, 0, 0, 0, 0, 0, 0, 0, 0, 0, 0, 0, 0, 0, 0, 0, 0, 0, 0, 0, 0, 0, 0, 0, 0, 0, 0, 0, 0, 0, 0, 0, 0, 0, 0, 0, 0, 0, 0, 0, 0, 0, 0, 0, 0, 0, 0, 0, 0, 0, 0, 0, 0, 0, 0, 0, 0, 0, 0, 0, 0, 0, 0, 0, 0, 0, 0, 0, 0, 0, 0, 0, 0, 0, 0, 0, 0, 0, 0, 0, 0, 0, 0, 0, 0, 0, 0, 0, 0, 0, 0, 0, 0, 0, 0, 0, 0, 0, 0, 0, 0, 0, 0, 0, 0, 0, 0, 0, 1, 0, 0, 0, 0, 0, 0, 0, 0, 0, 0, 0, 0, 0, 0, 0, 0, 0, 0, 0, 0, 0, 0, 0, 0, 0, 0, 1, 0, 0, 0, 0], "payload": {"out": "16000904e00000fb"}, "dp": null, "byte_dist_mean": 63.75}
{"ip": {"in": {"id": [81, 82, 83, 84, 85, 86, 87, 88, 89, 90, 91, 92, 93, 94, 95, 96, 97, 98, 99, 100, 101, 102], "ttl": 255}, "out": {"id": [8011, 36582, 52416, 51713, 55477, 2233, 26508, 13789, 9191, 15105, 15714, 40170, 8107, 12456, 65531, 40542, 57750, 58324, 27529, 31826, 4660], "ttl": 64}}, "idp_in": "4500005800514000ff11f26cc0a803d5c0a803b11634de6c0044d4dd16fefd0000000000000000002f030000230000000000000023fefd204a4e11ae775f6226a77213e5f15186835996a02949d4929445f72233c8eeb5fd", "time_end": 1536825473.239465, "entropy": 2.163221, "payload": {"in": "16fefd0000000000000000002f030000230000000000000023fefd204a4e11ae", "out": "16fefd000000000000000000380100002c000000000000002cfefd65fdc9b75a"}, "num_pkts_out": 21, "pr": 17, "time_start": 1536825473.002333, "bytes_in": 3449, "num_pkts_in": 22, "bytes_out": 1216, "byte_dist_std": 63.714052, "da": "192.168.3.213", "wht": [106.13, 0.4358, 0.74062, -2.8821], "byte_dist_mean": 106.130118, "idp_len_out": 97, "total_entropy": 10091.427641, "byte_dist": [157, 23, 6, 4, 5, 4, 4, 3, 5, 5, 4, 3, 5, 3, 4, 4, 7, 5, 4, 5, 4, 2, 4, 13, 5, 2, 4, 4, 3, 2, 1, 6, 4, 2, 4, 3, 5, 2, 4, 3, 3, 4, 4, 2, 4, 5, 1, 4, 2, 4, 3, 4, 4, 3, 4, 3, 6, 3, 5, 2, 2, 2, 4, 4, 5, 3, 4, 4, 5, 3, 4, 3, 3, 3, 3, 3, 3, 3, 5, 4, 2, 3, 4, 3, 4, 5, 6, 3, 2, 4, 3, 3, 3, 3, 3, 4, 5, 4, 4, 4, 3, 3, 3, 3, 5, 3, 2, 2, 4, 3, 1, 3, 3, 4, 5, 3, 3, 4, 3, 5, 3, 4, 5, 3, 3, 4, 4, 2, 2, 2, 4, 3, 2, 2, 5, 4, 3, 3, 2, 3, 4, 6, 4, 4, 4, 3, 5, 4, 5, 2, 4, 4, 3, 3, 3, 2, 3, 3, 2, 3, 3, 3, 4, 4, 2, 4, 3, 3, 5, 3, 3, 4, 3, 4, 3, 2, 3, 3, 5, 1, 3, 3, 4, 5, 3, 2, 4, 3, 3, 3, 4, 3, 4, 4, 3, 3, 4, 4, 6, 3, 7, 4, 2, 2, 4, 2, 2, 3, 2, 2, 3, 1, 4, 2, 3, 4, 2, 3, 3, 5, 3, 3, 2, 2, 2, 4, 1, 3, 4, 3, 3, 3, 4, 3, 3, 3, 2, 5, 3, 2, 3, 4, 3, 4, 3, 2, 3, 2, 2, 2, 3, 3, 3, 17, 14, 2], "dp": 5684, "idp_len_in": 88, "sp": 56940, "packets": [{"b": 69, "ipt": 0, "dir": ">"}, {"b": 60, "ipt": 2, "dir": "<"}, {"b": 101, "ipt": 4, "dir": ">"}, {"b": 63, "ipt": 0, "dir": "<"}, {"b": 25, "ipt": 0, "dir": "<"}, {"b": 72, "ipt": 4, "dir": ">"}, {"b": 67, "ipt": 3, "dir": ">"}, {"b": 14, "ipt": 0, "dir": "<"}, {"b": 53, "ipt": 0, "dir": "<"}, {"b": 33, "ipt": 3, "dir": ">"}, {"b": 33, "ipt": 0, "dir": "<"}, {"b": 44, "ipt": 14, "dir": ">"}, {"b": 53, "ipt": 0, "dir": "<"}, {"b": 51, "ipt": 14, "dir": ">"}, {"b": 174, "ipt": 3, "dir": "<"}, {"b": 44, "ipt": 5, "dir": ">"}, {"b": 58, "ipt": 0, "dir": "<"}, {"b": 50, "ipt": 13, "dir": ">"}, {"b": 266, "ipt": 0, "dir": "<"}, {"b": 50, "ipt": 10, "dir": ">"}, {"b": 346, "ipt": 0, "dir": "<"}, {"b": 50, "ipt": 11, "dir": ">"}, {"b": 441, "ipt": 6, "dir": "<"}, {"b": 69, "ipt": 22, "dir": ">"}, {"b": 37, "ipt": 0, "dir": "<"}, {"b": 137, "ipt": 12, "dir": ">"}, {"b": 44, "ipt": 1, "dir": ">"}, {"b": 449, "ipt": 7, "dir": "<"}, {"b": 33, "ipt": 3, "dir": ">"}, {"b": 37, "ipt": 15, "dir": "<"}, {"b": 449, "ipt": 6, "dir": "<"}, {"b": 79, "ipt": 0, "dir": "<"}, {"b": 33, "ipt": 11, "dir": ">"}, {"b": 51, "ipt": 3, "dir": ">"}, {"b": 67, "ipt": 3, "dir": "<"}, {"b": 58, "ipt": 14, "dir": ">"}, {"b": 235, "ipt": 6, "dir": "<"}, {"b": 58, "ipt": 2, "dir": ">"}, {"b": 231, "ipt": 7, "dir": "<"}, {"b": 58, "ipt": 4, "dir": ">"}, {"b": 232, "ipt": 7, "dir": "<"}, {"b": 44, "ipt": 4, "dir": ">"}, {"b": 47, "ipt": 0, "dir": "<"}], "idp_out": "450000611f4b00004011d26ac0a803b1c0a803d5de6c1634004d614616fefd000000000000000000380100002c000000000000002cfefd65fdc9b75a8dab4e5b8c90d64fab8261ade198640aa3fdc4bb8b8c8dbd388c2200000004c0a800ae0100", "sa": "192.168.3.177"}
