{"pr": 2, "time_start": 1533196939.18745, "bytes_out": 8, "sp": null, "packets": [{"b": 8, "ipt": 0, "dir": "<"}], "time_end": 1533196939.18745, "byte_dist_std": 107.733467, "da": "224.0.0.251", "wht": [63.75, 0, -2.25, 61.5], "idp_out": "46000020004f000001027f10c0a803d5e00000fb9404000016000904e00000fb", "entropy": 2.405639, "num_pkts_out": 1, "idp_len_out": 32, "ip": {"out": {"id": [79], "ttl": 1}}, "expire_type": "i", "total_entropy": 19.245111, "sa": "192.168.3.213", "byte_dist": [3, 0, 0, 0, 1, 0, 0, 0, 0, 1, 0, 0, 0, 0, 0, 0, 0, 0, 0, 0, 0, 0, 1, 0, 0, 0, 0, 0, 0, 0, 0, 0, 0, 0, 0, 0, 0, 0, 0, 0, 0, 0, 0, 0, 0, 0, 0, 0, 0, 0, 0, 0, 0, 0, 0, 0, 0, 0, 0, 0, 0, 0, 0, 0, 0, 0, 0, 0, 0, 0, 0, 0, 0, 0, 0, 0, 0, 0, 0, 0, 0, 0, 0, 0, 0, 0, 0, 0, 0, 0, 0, 0, 0, 0, 0, 0, 0, 0, 0, 0, 0, 0, 0, 0, 0, 0, 0, 0, 0, 0, 0, 0, 0, 0, 0, 0, 0, 0, 0, 0, 0, 0, 0, 0, 0, 0, 0, 0, 0, 0, 0, 0, 0, 0, 0, 0, 0, 0, 0, 0, 0, 0, 0, 0, 0, 0, 0, 0, 0, 0, 0, 0, 0, 0, 0, 0, 0, 0, 0, 0, 0, 0, 0, 0, 0, 0, 0, 0, 0, 0, 0, 0, 0, 0, 0, 0, 0, 0, 0, 0, 0, 0, 0, 0, 0, 0, 0, 0, 0, 0, 0, 0, 0, 0, 0, 0, 0, 0, 0, 0, 0, 0, 0, 0, 0, 0, 0, 0, 0, 0, 0, 0, 0, 0, 0, 0, 0, 0, 0, 0, 0, 0, 0, 0, 1, 0, 0, 0, 0, 0, 0, 0, 0, 0, 0, 0, 0, 0, 0, 0, 0, 0, 0, 0, 0, 0, 0, 0, 0, 0, 0, 1, 0, 0, 0, 0], "payload": {"out": "16000904e00000fb"}, "dp": null, "byte_dist_mean": 63.75, "flow_type": "Membership Report Group"}
{"ip": {"in": {"id": [80, 81, 82, 83, 84, 85, 86, 87, 88, 89, 90, 91, 92, 93, 94, 95, 96, 97, 98, 99, 100, 101], "ttl": 255}, "out": {"id": [43932, 5763, 50110, 38943, 17887, 8086, 26693, 27040, 5068, 46404, 20426, 35198, 9340, 19274, 17587, 683, 51621, 35745, 19111, 57177, 31221], "ttl": 64}}, "idp_in": "4500005800504000ff11f284c0a803d5c0a8039a1634c3b50044991916fefd0000000000000000002f030000230000000000000023fefd205242d496f392136bd654d50023d3ccc82a496cfde53b3051c5f220b074daaa67", "time_end": 1533196957.472768, "entropy": 2.168922, "payload": {"in": "16fefd0000000000000000002f030000230000000000000023fefd205242d496", "out": "16fefd000000000000000000380100002c000000000000002cfefd711836071c"}, "num_pkts_out": 21, "pr": 17, "time_start": 1533196957.098353, "bytes_in": 3437, "num_pkts_in": 22, "bytes_out": 1214, "byte_dist_std": 65.084396, "da": "192.168.3.213", "wht": [108.47, 2.4928, 1.2651, -4.5982], "byte_dist_mean": 108.467856, "idp_len_out": 97, "total_entropy": 10087.655978, "byte_dist": [157, 23, 6, 4, 4, 5, 5, 5, 4, 5, 4, 4, 4, 2, 5, 4, 4, 4, 4, 5, 5, 4, 6, 13, 4, 2, 3, 4, 5, 2, 3, 4, 5, 3, 3, 4, 3, 4, 4, 4, 5, 1, 5, 5, 3, 4, 2, 5, 3, 3, 4, 3, 1, 2, 3, 5, 4, 3, 4, 3, 2, 3, 4, 2, 3, 4, 6, 4, 3, 2, 2, 3, 3, 4, 3, 2, 3, 3, 2, 3, 2, 4, 3, 4, 3, 4, 4, 3, 4, 1, 3, 4, 3, 4, 3, 4, 2, 2, 3, 4, 3, 3, 4, 3, 3, 2, 2, 5, 3, 4, 4, 2, 3, 6, 3, 3, 3, 2, 5, 3, 4, 3, 5, 1, 3, 3, 3, 4, 3, 3, 4, 3, 2, 4, 3, 5, 2, 3, 5, 2, 3, 3, 3, 5, 2, 3, 4, 2, 4, 3, 2, 3, 1, 4, 3, 2, 3, 5, 5, 3, 2, 4, 3, 2, 3, 3, 3, 4, 5, 2, 3, 3, 4, 3, 5, 1, 3, 3, 3, 5, 2, 3, 5, 3, 1, 2, 5, 3, 4, 3, 2, 4, 4, 2, 3, 4, 4, 5, 4, 3, 4, 3, 4, 3, 4, 2, 4, 1, 2, 3, 3, 4, 4, 3, 3, 3, 3, 4, 4, 5, 5, 6, 4, 4, 5, 1, 5, 4, 3, 3, 3, 2, 5, 4, 5, 3, 2, 2, 4, 2, 3, 3, 5, 4, 2, 4, 3, 4, 2, 4, 4, 2, 4, 15, 14, 1], "dp": 5684, "idp_len_in": 88, "sp": 50101, "packets": [{"b": 69, "ipt": 0, "dir": ">"}, {"b": 60, "ipt": 2, "dir": "<"}, {"b": 101, "ipt": 1, "dir": ">"}, {"b": 63, "ipt": 0, "dir": "<"}, {"b": 25, "ipt": 0, "dir": "<"}, {"b": 72, "ipt": 3, "dir": ">"}, {"b": 67, "ipt": 0, "dir": ">"}, {"b": 14, "ipt": 0, "dir": "<"}, {"b": 53, "ipt": 0, "dir": "<"}, {"b": 33, "ipt": 3, "dir": ">"}, {"b": 33, "ipt": 0, "dir": "<"}, {"b": 44, "ipt": 77, "dir": ">"}, {"b": 53, "ipt": 0, "dir": "<"}, {"b": 51, "ipt": 21, "dir": ">"}, {"b": 174, "ipt": 4, "dir": "<"}, {"b": 44, "ipt": 2, "dir": ">"}, {"b": 58, "ipt": 0, "dir": "<"}, {"b": 50, "ipt": 91, "dir": ">"}, {"b": 259, "ipt": 0, "dir": "<"}, {"b": 50, "ipt": 4, "dir": ">"}, {"b": 345, "ipt": 0, "dir": "<"}, {"b": 50, "ipt": 6, "dir": ">"}, {"b": 440, "ipt": 7, "dir": "<"}, {"b": 69, "ipt": 38, "dir": ">"}, {"b": 37, "ipt": 0, "dir": "<"}, {"b": 135, "ipt": 1, "dir": ">"}, {"b": 44, "ipt": 0, "dir": ">"}, {"b": 448, "ipt": 16, "dir": "<"}, {"b": 33, "ipt": 14, "dir": ">"}, {"b": 37, "ipt": 3, "dir": "<"}, {"b": 447, "ipt": 6, "dir": "<"}, {"b": 79, "ipt": 0, "dir": "<"}, {"b": 33, "ipt": 4, "dir": ">"}, {"b": 51, "ipt": 2, "dir": ">"}, {"b": 67, "ipt": 3, "dir": "<"}, {"b": 58, "ipt": 15, "dir": ">"}, {"b": 235, "ipt": 7, "dir": "<"}, {"b": 58, "ipt": 9, "dir": ">"}, {"b": 231, "ipt": 6, "dir": "<"}, {"b": 58, "ipt": 4, "dir": ">"}, {"b": 232, "ipt": 6, "dir": "<"}, {"b": 44, "ipt": 4, "dir": ">"}, {"b": 47, "ipt": 0, "dir": "<"}], "idp_out": "45000061ab9c000040114630c0a8039ac0a803d5c3b51634004d09f916fefd000000000000000000380100002c000000000000002cfefd711836071ce04702ea2f11967805d12f7dbb7ec4878e1d637791e9b31d3a7fa700000004c0a800ae0100", "sa": "192.168.3.154", "flow_type": "Ikea Application Data"}
