{"pr": 17, "time_start": 1545158747.206241, "bytes_out": 385, "sp": 5353, "packets": [{"b": 385, "ipt": 0, "dir": "<"}], "time_end": 1545158747.206241, "byte_dist_std": 52.046421, "da": "192.168.3.177", "wht": [70.829, 3.0364, 0.64156, 1.6701], "idp_out": "4500019d022a4000ff11ef4ec0a803d5c0a803b114e914e901898c01000084000000000500000000045f686170045f746370056c6f63616c00000c0001000000ff00210f545241444652492067617465776179045f686170045f746370056c6f63616c000f545241444652492067617465776179045f686170045f746370056c6f63616c0000108001000000ff00491469643d46333a32423a36303a44453a45383a3234126d643d5452414446524920676174657761790670763d312e300473233d310563233d31340473663d300466663d310463693d320f545241444652492067617465776179045f686170045f746370056c6f63616c0000218001000000", "entropy": 5.363899, "num_pkts_out": 1, "idp_len_out": 256, "ip": {"out": {"id": [554], "ttl": 255}}, "expire_type": "a", "total_entropy": 2065.101204, "sa": "192.168.3.213", "byte_dist": [54, 6, 0, 1, 13, 9, 1, 0, 0, 0, 0, 0, 1, 0, 0, 3, 2, 0, 1, 0, 1, 0, 0, 0, 0, 0, 0, 0, 4, 0, 0, 0, 4, 2, 0, 2, 0, 0, 0, 0, 0, 0, 1, 1, 0, 6, 1, 0, 3, 4, 10, 4, 2, 0, 1, 3, 4, 3, 5, 0, 0, 8, 0, 0, 0, 7, 1, 0, 8, 2, 8, 3, 0, 8, 0, 0, 0, 0, 0, 0, 1, 0, 14, 0, 7, 0, 0, 0, 0, 0, 0, 0, 0, 0, 0, 8, 0, 31, 6, 13, 5, 7, 6, 4, 4, 2, 0, 0, 14, 1, 0, 7, 9, 0, 0, 2, 11, 0, 1, 7, 0, 7, 0, 0, 0, 0, 0, 0, 5, 0, 0, 0, 1, 0, 0, 0, 0, 0, 0, 0, 0, 0, 0, 0, 0, 0, 0, 0, 0, 0, 0, 0, 0, 0, 0, 0, 0, 0, 0, 0, 0, 0, 0, 0, 0, 0, 0, 0, 1, 1, 0, 0, 0, 0, 0, 1, 0, 0, 0, 0, 0, 0, 0, 0, 0, 0, 1, 0, 0, 0, 0, 0, 1, 0, 0, 0, 0, 0, 0, 0, 0, 0, 0, 0, 0, 0, 0, 0, 0, 0, 0, 0, 0, 1, 0, 1, 0, 0, 0, 0, 0, 0, 0, 0, 0, 0, 0, 0, 0, 0, 0, 0, 0, 0, 0, 0, 0, 0, 0, 0, 0, 0, 0, 0, 0, 0, 0, 0, 0, 0, 0, 0, 0, 0, 2, 6], "payload": {"out": "000084000000000500000000045f686170045f746370056c6f63616c00000c00"}, "dp": 5353, "byte_dist_mean": 70.828571, "flow_type": "MDNS"}
{"ip": {"in": {"id": [555, 556, 558, 559, 560, 561, 562, 563, 564, 565, 566, 567, 568, 569, 570, 571, 572, 573, 574, 575, 576, 577], "ttl": 128}, "out": {"id": [0, 0, 27994, 0, 0, 10462, 0, 0, 0, 0, 0, 15360, 0, 0, 0, 57679, 0, 0, 0, 0, 0, 0, 0, 0, 56929, 0, 42137], "ttl": 64}}, "ppi": [{"b": 111, "seq": 1315984280, "ack": 4194248070, "rseq": 0, "flags": "PA", "t": 0, "olen": 0, "opts": [], "rack": 0, "dir": ">"}, {"b": 210, "seq": 4194248070, "ack": 1315984391, "rseq": 0, "flags": "PA", "t": 0, "olen": 0, "opts": [], "rack": 111, "dir": "<"}, {"b": 0, "seq": 1315984391, "ack": 4194248280, "rseq": 111, "flags": "A", "t": 2, "olen": 0, "opts": [], "rack": 210, "dir": ">"}, {"b": 0, "seq": 1315984390, "ack": 4194248280, "rseq": -1, "flags": "A", "t": 309, "olen": 0, "opts": [], "rack": 210, "dir": ">"}, {"b": 0, "seq": 4194248280, "ack": 1315984391, "rseq": 210, "flags": "A", "t": 309, "olen": 0, "opts": [], "rack": 0, "dir": "<"}, {"b": 111, "seq": 1315984391, "ack": 4194248280, "rseq": 0, "flags": "PA", "t": 25190, "olen": 0, "opts": [], "rack": 0, "dir": ">"}, {"b": 0, "seq": 4194248280, "ack": 1315984502, "rseq": 0, "flags": "A", "t": 25190, "olen": 0, "opts": [], "rack": 111, "dir": "<"}, {"b": 210, "seq": 4194248280, "ack": 1315984502, "rseq": 0, "flags": "PA", "t": 25191, "olen": 0, "opts": [], "rack": 111, "dir": "<"}, {"b": 0, "seq": 1315984502, "ack": 4194248490, "rseq": 111, "flags": "A", "t": 25195, "olen": 0, "opts": [], "rack": 210, "dir": ">"}, {"b": 0, "seq": 1315984501, "ack": 4194248490, "rseq": -1, "flags": "A", "t": 25494, "olen": 0, "opts": [], "rack": 210, "dir": ">"}, {"b": 0, "seq": 4194248490, "ack": 1315984502, "rseq": 210, "flags": "A", "t": 25494, "olen": 0, "opts": [], "rack": 0, "dir": "<"}, {"b": 229, "seq": 1315984502, "ack": 4194248490, "rseq": 0, "flags": "PA", "t": 27991, "olen": 0, "opts": [], "rack": 0, "dir": ">"}, {"b": 45, "seq": 4194248490, "ack": 1315984731, "rseq": 0, "flags": "PA", "t": 27991, "olen": 0, "opts": [], "rack": 229, "dir": "<"}, {"b": 0, "seq": 1315984731, "ack": 4194248535, "rseq": 229, "flags": "A", "t": 27994, "olen": 0, "opts": [], "rack": 45, "dir": ">"}, {"b": 147, "seq": 4194248535, "ack": 1315984731, "rseq": 45, "flags": "PA", "t": 28161, "olen": 0, "opts": [], "rack": 0, "dir": "<"}, {"b": 229, "seq": 1315984731, "ack": 4194248535, "rseq": 0, "flags": "PA", "t": 28255, "olen": 0, "opts": [], "rack": 0, "dir": ">"}, {"b": 0, "seq": 4194248682, "ack": 1315984960, "rseq": 147, "flags": "A", "t": 28255, "olen": 0, "opts": [], "rack": 229, "dir": "<"}, {"b": 45, "seq": 4194248682, "ack": 1315984960, "rseq": 0, "flags": "PA", "t": 28256, "olen": 0, "opts": [], "rack": 229, "dir": "<"}, {"b": 0, "seq": 1315984960, "ack": 4194248682, "rseq": 229, "flags": "A", "t": 28257, "olen": 0, "opts": [], "rack": 0, "dir": ">"}, {"b": 0, "seq": 1315984960, "ack": 4194248727, "rseq": 0, "flags": "A", "t": 28257, "olen": 0, "opts": [], "rack": 45, "dir": ">"}, {"b": 0, "seq": 1315984959, "ack": 4194248727, "rseq": -1, "flags": "A", "t": 28498, "olen": 0, "opts": [], "rack": 45, "dir": ">"}, {"b": 0, "seq": 4194248727, "ack": 1315984960, "rseq": 45, "flags": "A", "t": 28498, "olen": 0, "opts": [], "rack": 0, "dir": "<"}, {"b": 229, "seq": 1315984960, "ack": 4194248727, "rseq": 0, "flags": "PA", "t": 28513, "olen": 0, "opts": [], "rack": 0, "dir": ">"}, {"b": 45, "seq": 4194248727, "ack": 1315985189, "rseq": 0, "flags": "PA", "t": 28514, "olen": 0, "opts": [], "rack": 229, "dir": "<"}, {"b": 0, "seq": 1315985189, "ack": 4194248772, "rseq": 229, "flags": "A", "t": 28516, "olen": 0, "opts": [], "rack": 45, "dir": ">"}, {"b": 229, "seq": 1315985189, "ack": 4194248772, "rseq": 0, "flags": "PA", "t": 28794, "olen": 0, "opts": [], "rack": 45, "dir": ">"}, {"b": 0, "seq": 4194248772, "ack": 1315985418, "rseq": 45, "flags": "A", "t": 28794, "olen": 0, "opts": [], "rack": 229, "dir": "<"}, {"b": 45, "seq": 4194248772, "ack": 1315985418, "rseq": 0, "flags": "PA", "t": 28794, "olen": 0, "opts": [], "rack": 229, "dir": "<"}, {"b": 0, "seq": 1315985188, "ack": 4194248772, "rseq": -1, "flags": "A", "t": 28828, "olen": 0, "opts": [], "rack": 0, "dir": ">"}, {"b": 0, "seq": 1315985418, "ack": 4194248817, "rseq": 229, "flags": "A", "t": 28828, "olen": 0, "opts": [], "rack": 45, "dir": ">"}, {"b": 0, "seq": 4194248817, "ack": 1315985418, "rseq": 45, "flags": "A", "t": 28828, "olen": 0, "opts": [], "rack": 0, "dir": "<"}, {"b": 229, "seq": 1315985418, "ack": 4194248817, "rseq": 0, "flags": "PA", "t": 29052, "olen": 0, "opts": [], "rack": 0, "dir": ">"}, {"b": 45, "seq": 4194248817, "ack": 1315985647, "rseq": 0, "flags": "PA", "t": 29052, "olen": 0, "opts": [], "rack": 229, "dir": "<"}, {"b": 0, "seq": 1315985647, "ack": 4194248862, "rseq": 229, "flags": "A", "t": 29055, "olen": 0, "opts": [], "rack": 45, "dir": ">"}, {"b": 147, "seq": 4194248862, "ack": 1315985647, "rseq": 45, "flags": "PA", "t": 29161, "olen": 0, "opts": [], "rack": 0, "dir": "<"}, {"b": 0, "seq": 1315985647, "ack": 4194249009, "rseq": 0, "flags": "A", "t": 29191, "olen": 0, "opts": [], "rack": 147, "dir": ">"}, {"b": 229, "seq": 1315985647, "ack": 4194249009, "rseq": 0, "flags": "PA", "t": 29318, "olen": 0, "opts": [], "rack": 147, "dir": ">"}, {"b": 0, "seq": 4194249009, "ack": 1315985876, "rseq": 147, "flags": "A", "t": 29318, "olen": 0, "opts": [], "rack": 229, "dir": "<"}, {"b": 45, "seq": 4194249009, "ack": 1315985876, "rseq": 0, "flags": "PA", "t": 29318, "olen": 0, "opts": [], "rack": 229, "dir": "<"}, {"b": 0, "seq": 1315985876, "ack": 4194249054, "rseq": 229, "flags": "A", "t": 29320, "olen": 0, "opts": [], "rack": 45, "dir": ">"}, {"b": 229, "seq": 1315985876, "ack": 4194249054, "rseq": 0, "flags": "PA", "t": 29370, "olen": 0, "opts": [], "rack": 45, "dir": ">"}, {"b": 45, "seq": 4194249054, "ack": 1315986105, "rseq": 45, "flags": "PA", "t": 29370, "olen": 0, "opts": [], "rack": 229, "dir": "<"}, {"b": 0, "seq": 1315986105, "ack": 4194249099, "rseq": 229, "flags": "A", "t": 29372, "olen": 0, "opts": [], "rack": 45, "dir": ">"}, {"b": 0, "seq": 1315986104, "ack": 4194249099, "rseq": -1,