{"pr": 2, "time_start": 1545158017.185707, "bytes_out": 8, "sp": null, "packets": [{"b": 8, "ipt": 0, "dir": "<"}], "time_end": 1545158017.185707, "byte_dist_std": 107.733467, "da": "224.0.0.251", "wht": [63.75, 0, -2.25, 61.5], "idp_out": "46000020011a000001027e45c0a803d5e00000fb9404000016000904e00000fb", "entropy": 2.405639, "num_pkts_out": 1, "idp_len_out": 32, "ip": {"out": {"id": [282], "ttl": 1}}, "expire_type": "i", "total_entropy": 19.245111, "sa": "192.168.3.213", "byte_dist": [3, 0, 0, 0, 1, 0, 0, 0, 0, 1, 0, 0, 0, 0, 0, 0, 0, 0, 0, 0, 0, 0, 1, 0, 0, 0, 0, 0, 0, 0, 0, 0, 0, 0, 0, 0, 0, 0, 0, 0, 0, 0, 0, 0, 0, 0, 0, 0, 0, 0, 0, 0, 0, 0, 0, 0, 0, 0, 0, 0, 0, 0, 0, 0, 0, 0, 0, 0, 0, 0, 0, 0, 0, 0, 0, 0, 0, 0, 0, 0, 0, 0, 0, 0, 0, 0, 0, 0, 0, 0, 0, 0, 0, 0, 0, 0, 0, 0, 0, 0, 0, 0, 0, 0, 0, 0, 0, 0, 0, 0, 0, 0, 0, 0, 0, 0, 0, 0, 0, 0, 0, 0, 0, 0, 0, 0, 0, 0, 0, 0, 0, 0, 0, 0, 0, 0, 0, 0, 0, 0, 0, 0, 0, 0, 0, 0, 0, 0, 0, 0, 0, 0, 0, 0, 0, 0, 0, 0, 0, 0, 0, 0, 0, 0, 0, 0, 0, 0, 0, 0, 0, 0, 0, 0, 0, 0, 0, 0, 0, 0, 0, 0, 0, 0, 0, 0, 0, 0, 0, 0, 0, 0, 0, 0, 0, 0, 0, 0, 0, 0, 0, 0, 0, 0, 0, 0, 0, 0, 0, 0, 0, 0, 0, 0, 0, 0, 0, 0, 0, 0, 0, 0, 0, 0, 1, 0, 0, 0, 0, 0, 0, 0, 0, 0, 0, 0, 0, 0, 0, 0, 0, 0, 0, 0, 0, 0, 0, 0, 0, 0, 0, 1, 0, 0, 0, 0], "payload": {"out": "16000904e00000fb"}, "dp": null, "byte_dist_mean": 63.75, "flow_type": "Memebership Report Group"}
{"pr": 17, "time_start": 1545158021.590852, "bytes_out": 385, "sp": 5353, "packets": [{"b": 385, "ipt": 0, "dir": "<"}], "time_end": 1545158021.590852, "byte_dist_std": 52.046421, "da": "192.168.3.177", "wht": [70.829, 3.0364, 0.64156, 1.6701], "idp_out": "4500019d011b4000ff11f05dc0a803d5c0a803b114e914e901898c01000084000000000500000000045f686170045f746370056c6f63616c00000c0001000000ff00210f545241444652492067617465776179045f686170045f746370056c6f63616c000f545241444652492067617465776179045f686170045f746370056c6f63616c0000108001000000ff00491469643d46333a32423a36303a44453a45383a3234126d643d5452414446524920676174657761790670763d312e300473233d310563233d31340473663d300466663d310463693d320f545241444652492067617465776179045f686170045f746370056c6f63616c0000218001000000", "entropy": 5.363899, "num_pkts_out": 1, "idp_len_out": 256, "ip": {"out": {"id": [283], "ttl": 255}}, "expire_type": "i", "total_entropy": 2065.101204, "sa": "192.168.3.213", "byte_dist": [54, 6, 0, 1, 13, 9, 1, 0, 0, 0, 0, 0, 1, 0, 0, 3, 2, 0, 1, 0, 1, 0, 0, 0, 0, 0, 0, 0, 4, 0, 0, 0, 4, 2, 0, 2, 0, 0, 0, 0, 0, 0, 1, 1, 0, 6, 1, 0, 3, 4, 10, 4, 2, 0, 1, 3, 4, 3, 5, 0, 0, 8, 0, 0, 0, 7, 1, 0, 8, 2, 8, 3, 0, 8, 0, 0, 0, 0, 0, 0, 1, 0, 14, 0, 7, 0, 0, 0, 0, 0, 0, 0, 0, 0, 0, 8, 0, 31, 6, 13, 5, 7, 6, 4, 4, 2, 0, 0, 14, 1, 0, 7, 9, 0, 0, 2, 11, 0, 1, 7, 0, 7, 0, 0, 0, 0, 0, 0, 5, 0, 0, 0, 1, 0, 0, 0, 0, 0, 0, 0, 0, 0, 0, 0, 0, 0, 0, 0, 0, 0, 0, 0, 0, 0, 0, 0, 0, 0, 0, 0, 0, 0, 0, 0, 0, 0, 0, 0, 1, 1, 0, 0, 0, 0, 0, 1, 0, 0, 0, 0, 0, 0, 0, 0, 0, 0, 1, 0, 0, 0, 0, 0, 1, 0, 0, 0, 0, 0, 0, 0, 0, 0, 0, 0, 0, 0, 0, 0, 0, 0, 0, 0, 0, 1, 0, 1, 0, 0, 0, 0, 0, 0, 0, 0, 0, 0, 0, 0, 0, 0, 0, 0, 0, 0, 0, 0, 0, 0, 0, 0, 0, 0, 0, 0, 0, 0, 0, 0, 0, 0, 0, 0, 0, 0, 2, 6], "payload": {"out": "000084000000000500000000045f686170045f746370056c6f63616c00000c00"}, "dp": 5353, "byte_dist_mean": 70.828571, "flow_type": "MDNS"}
{"ip": {"in": {"id": [284, 285, 286, 287, 288, 289, 290, 291, 292, 293, 294, 295, 296, 297, 298, 299, 300, 301, 302, 303, 304], "ttl": 128}, "out": {"id": [29094, 15857, 24818, 0, 0, 10696, 0, 11624, 0, 0, 0, 0, 26965, 0, 1284, 0, 0, 0, 0, 36019, 0, 63863, 0, 60214], "ttl": 64}}, "ppi": [{"b": 111, "seq": 2644595310, "ack": 3107789165, "rseq": 0, "flags": "PA", "t": 0, "olen": 0, "opts": [], "rack": 0, "dir": ">"}, {"b": 0, "seq": 3107789165, "ack": 2644595421, "rseq": 0, "flags": "A", "t": 0, "olen": 0, "opts": [], "rack": 111, "dir": "<"}, {"b": 211, "seq": 3107789165, "ack": 2644595421, "rseq": 0, "flags": "PA", "t": 0, "olen": 0, "opts": [], "rack": 111, "dir": "<"}, {"b": 0, "seq": 2644595421, "ack": 3107789376, "rseq": 111, "flags": "A", "t": 3, "olen": 0, "opts": [], "rack": 211, "dir": ">"}, {"b": 0, "seq": 2644595420, "ack": 3107789376, "rseq": -1, "flags": "A", "t": 256, "olen": 0, "opts": [], "rack": 211, "dir": ">"}, {"b": 0, "seq": 3107789376, "ack": 2644595421, "rseq": 211, "flags": "A", "t": 256, "olen": 0, "opts": [], "rack": 0, "dir": "<"}, {"b": 199, "seq": 2644595421, "ack": 3107789376, "rseq": 0, "flags": "PA", "t": 2325, "olen": 0, "opts": [], "rack": 0, "dir": ">"}, {"b": 45, "seq": 3107789376, "ack": 2644595620, "rseq": 0, "flags": "PA", "t": 2325, "olen": 0, "opts": [], "rack": 199, "dir": "<"}, {"b": 0, "seq": 2644595620, "ack": 3107789421, "rseq": 199, "flags": "A", "t": 2329, "olen": 0, "opts": [], "rack": 45, "dir": ">"}, {"b": 0, "seq": 2644595619, "ack": 3107789421, "rseq": -1, "flags": "A", "t": 2612, "olen": 0, "opts": [], "rack": 45, "dir": ">"}, {"b": 0, "seq": 3107789421, "ack": 2644595620, "rseq": 45, "flags": "A", "t": 2612, "olen": 0, "opts": [], "rack": 0, "dir": "<"}, {"b": 149, "seq": 3107789421, "ack": 2644595620, "rseq": 0, "flags": "PA", "t": 3325, "olen": 0, "opts": [], "rack": 0, "dir": "<"}, {"b": 0, "seq": 2644595620, "ack": 3107789570, "rseq": 0, "flags": "A", "t": 3328, "olen": 0, "opts": [], "rack": 149, "dir": ">"}, {"b": 0, "seq": 2644595619, "ack": 3107789570, "rseq": -1, "flags": "A", "t": 3666, "olen": 0, "opts": [], "rack": 149, "dir": ">"}, {"b": 0, "seq": 3107789570, "ack": 2644595620, "rseq": 149, "flags": "A", "t": 3666, "olen": 0, "opts": [], "rack": 0, "dir": "<"}, {"b": 229, "seq": 2644595620, "ack": 3107789570, "rseq": 0, "flags": "PA", "t": 5374, "olen": 0, "opts": [], "rack": 0, "dir": ">"}, {"b": 0, "seq": 3107789570, "ack": 2644595849, "rseq": 0, "flags": "A", "t": 5374, "olen": 0, "opts": [], "rack": 229, "dir": "<"}, {"b": 45, "seq": 3107789570, "ack": 2644595849, "rseq": 0, "flags": "PA", "t": 5374, "olen": 0, "opts": [], "rack": 229, "dir": "<"}, {"b": 0, "seq": 2644595849, "ack": 3107789615, "rseq": 229, "flags": "A", "t": 5378, "olen": 0, "opts": [], "rack": 45, "dir": ">"}, {"b": 229, "seq": 2644595849, "ack": 3107789615, "rseq": 0, "flags": "PA", "t": 5426, "olen": 0, "opts": [], "rack": 45, "dir": ">"}, {"b": 45, "seq": 3107789615, "ack": 2644596078, "rseq": 45, "flags": "PA", "t": 5427, "olen": 0, "opts": [], "rack": 229, "dir": "<"}, {"b": 0, "seq": 2644596078, "ack": 3107789660, "rseq": 229, "flags": "A", "t": 5430, "olen": 0, "opts": [], "rack": 45, "dir": ">"}, {"b": 0, "seq": 2644596077, "ack": 3107789660, "rseq": -1, "flags": "A", "t": 5674, "olen": 0, "opts": [], "rack": 45, "dir": ">"}, {"b": 0, "seq": 3107789660, "ack": 2644596078, "rseq": 45, "flags": "A", "t": 5674, "olen": 0, "opts": [], "rack": 0, "dir": "<"}, {"b": 147, "seq": 3107789660, "ack": 2644596078, "rseq": 0, "flags": "PA", "t": 6324, "olen": 0, "opts": [], "rack": 0, "dir": "<"}, {"b": 0, "seq": 2644596078, "ack": 3107789807, "rseq": 0, "flags": "A", "t": 6394, "olen": 0, "opts": [], "rack": 147, "dir": ">"}, {"b": 0, "seq": 2644596077, "ack": 3107789807, "rseq": -1, "flags": "A", "t": 6986, "olen": 0, "opts": [], "rack": 147, "dir": ">"}, {"b": 0, "seq": 3107789807, "ack": 2644596078, "rseq": 147, "flags": "A", "t": 6986, "olen": 0, "opts": [], "rack": 0, "dir": "<"}, {"b": 229, "seq": 2644596078, "ack": 3107789807, "rseq": 0, "flags": "PA", "t": 15348, "olen": 0, "opts": [], "rack": 0, "dir": ">"}, {"b": 0, "seq": 3107789807, "ack": 2644596307, "rseq": 0, "flags": "A", "t": 15348, "olen": 0, "opts": [], "rack": 229, "dir": "<"}, {"b": 45, "seq": 3107789807, "ack": 2644596307, "rseq": 0, "flags": "PA", "t": 15348, "olen": 0, "opts": [], "rack": 229, "dir": "<"}, {"b": 0, "seq": 2644596307, "ack": 3107789852, "rseq": 229, "flags": "A", "t": 15351, "olen": 0, "opts": [], "rack": 45, "dir": ">"}, {"b": 229, "seq": 2644596307, "ack": 3107789852, "rseq": 0, "flags": "PA", "t": 15396, "olen": 0, "opts": [], "rack": 45, "dir": ">"}, {"b": 45, "seq": 3107789852, "ack": 2644596536, "rseq": 45,