{"pr": 17, "time_start": 1543346747.061454, "bytes_out": 385, "sp": 5353, "packets": [{"b": 385, "ipt": 0, "dir": "<"}], "time_end": 1543346747.061454, "byte_dist_std": 52.046421, "da": "192.168.3.177", "wht": [70.829, 3.0364, 0.64156, 1.6701], "idp_out": "4500019d021a4000ff11ef5ec0a803d5c0a803b114e914e901898c01000084000000000500000000045f686170045f746370056c6f63616c00000c0001000000ff00210f545241444652492067617465776179045f686170045f746370056c6f63616c000f545241444652492067617465776179045f686170045f746370056c6f63616c0000108001000000ff00491469643d46333a32423a36303a44453a45383a3234126d643d5452414446524920676174657761790670763d312e300473233d310563233d31340473663d300466663d310463693d320f545241444652492067617465776179045f686170045f746370056c6f63616c0000218001000000ff002a0000000000501c545241444652492d476174657761792d623864376166326233326139056c6f63616c001c545241444652492d476174657761792d623864376166326233326139056c6f63616c0000018001000000ff0004c0a803d51c545241444652492d476174657761792d623864376166326233326139056c6f63616c00001c8001000000ff0010fe80000000000000bad7affffe2b32a9", "entropy": 5.363899, "num_pkts_out": 1, "idp_len_out": 413, "ip": {"out": {"id": [538], "ttl": 255}}, "expire_type": "i", "total_entropy": 2065.101204, "sa": "192.168.3.213", "byte_dist": [54, 6, 0, 1, 13, 9, 1, 0, 0, 0, 0, 0, 1, 0, 0, 3, 2, 0, 1, 0, 1, 0, 0, 0, 0, 0, 0, 0, 4, 0, 0, 0, 4, 2, 0, 2, 0, 0, 0, 0, 0, 0, 1, 1, 0, 6, 1, 0, 3, 4, 10, 4, 2, 0, 1, 3, 4, 3, 5, 0, 0, 8, 0, 0, 0, 7, 1, 0, 8, 2, 8, 3, 0, 8, 0, 0, 0, 0, 0, 0, 1, 0, 14, 0, 7, 0, 0, 0, 0, 0, 0, 0, 0, 0, 0, 8, 0, 31, 6, 13, 5, 7, 6, 4, 4, 2, 0, 0, 14, 1, 0, 7, 9, 0, 0, 2, 11, 0, 1, 7, 0, 7, 0, 0, 0, 0, 0, 0, 5, 0, 0, 0, 1, 0, 0, 0, 0, 0, 0, 0, 0, 0, 0, 0, 0, 0, 0, 0, 0, 0, 0, 0, 0, 0, 0, 0, 0, 0, 0, 0, 0, 0, 0, 0, 0, 0, 0, 0, 1, 1, 0, 0, 0, 0, 0, 1, 0, 0, 0, 0, 0, 0, 0, 0, 0, 0, 1, 0, 0, 0, 0, 0, 1, 0, 0, 0, 0, 0, 0, 0, 0, 0, 0, 0, 0, 0, 0, 0, 0, 0, 0, 0, 0, 1, 0, 1, 0, 0, 0, 0, 0, 0, 0, 0, 0, 0, 0, 0, 0, 0, 0, 0, 0, 0, 0, 0, 0, 0, 0, 0, 0, 0, 0, 0, 0, 0, 0, 0, 0, 0, 0, 0, 0, 0, 2, 6], "payload": {"out": "000084000000000500000000045f686170045f746370056c6f63616c00000c00"}, "dp": 5353, "byte_dist_mean": 70.828571, "flow_type": "MDNS"}
{"ip": {"in": {"id": [539, 540, 541, 542, 543, 544, 545, 546, 547, 548, 549, 550, 551, 552, 553, 554, 555, 556, 557, 558, 559, 560, 561, 562, 563, 564, 565, 566, 567, 568, 569, 570, 571], "ttl": 128}, "out": {"id": [0, 0, 0, 0, 0, 0, 0, 0, 0, 0, 0, 0, 0, 0, 0, 0, 0, 0, 0, 0, 0, 0, 0, 0, 0, 0, 0, 0, 0, 0, 0, 0, 0, 0, 0, 0, 0, 0, 0], "ttl": 64}}, "ppi": [{"b": 111, "seq": 2876118075, "ack": 3808162118, "rseq": 0, "flags": "PA", "t": 0, "olen": 0, "opts": [], "rack": 0, "dir": ">"}, {"b": 0, "seq": 3808162118, "ack": 2876118186, "rseq": 0, "flags": "A", "t": 0, "olen": 0, "opts": [], "rack": 111, "dir": "<"}, {"b": 210, "seq": 3808162118, "ack": 2876118186, "rseq": 0, "flags": "PA", "t": 0, "olen": 0, "opts": [], "rack": 111, "dir": "<"}, {"b": 0, "seq": 2876118186, "ack": 3808162328, "rseq": 111, "flags": "A", "t": 3, "olen": 0, "opts": [], "rack": 210, "dir": ">"}, {"b": 199, "seq": 2876118186, "ack": 3808162328, "rseq": 0, "flags": "PA", "t": 999, "olen": 0, "opts": [], "rack": 210, "dir": ">"}, {"b": 45, "seq": 3808162328, "ack": 2876118385, "rseq": 210, "flags": "PA", "t": 999, "olen": 0, "opts": [], "rack": 199, "dir": "<"}, {"b": 0, "seq": 2876118385, "ack": 3808162373, "rseq": 199, "flags": "A", "t": 1003, "olen": 0, "opts": [], "rack": 45, "dir": ">"}, {"b": 150, "seq": 3808162373, "ack": 2876118385, "rseq": 45, "flags": "PA", "t": 1822, "olen": 0, "opts": [], "rack": 0, "dir": "<"}, {"b": 0, "seq": 2876118385, "ack": 3808162523, "rseq": 0, "flags": "A", "t": 1896, "olen": 0, "opts": [], "rack": 150, "dir": ">"}, {"b": 199, "seq": 2876118385, "ack": 3808162523, "rseq": 0, "flags": "PA", "t": 2265, "olen": 0, "opts": [], "rack": 150, "dir": ">"}, {"b": 0, "seq": 3808162523, "ack": 2876118584, "rseq": 150, "flags": "A", "t": 2265, "olen": 0, "opts": [], "rack": 199, "dir": "<"}, {"b": 45, "seq": 3808162523, "ack": 2876118584, "rseq": 0, "flags": "PA", "t": 2265, "olen": 0, "opts": [], "rack": 199, "dir": "<"}, {"b": 0, "seq": 2876118584, "ack": 3808162568, "rseq": 199, "flags": "A", "t": 2268, "olen": 0, "opts": [], "rack": 45, "dir": ">"}, {"b": 149, "seq": 3808162568, "ack": 2876118584, "rseq": 45, "flags": "PA", "t": 2822, "olen": 0, "opts": [], "rack": 0, "dir": "<"}, {"b": 0, "seq": 2876118584, "ack": 3808162717, "rseq": 0, "flags": "A", "t": 2837, "olen": 0, "opts": [], "rack": 149, "dir": ">"}, {"b": 199, "seq": 2876118584, "ack": 3808162717, "rseq": 0, "flags": "PA", "t": 4758, "olen": 0, "opts": [], "rack": 149, "dir": ">"}, {"b": 45, "seq": 3808162717, "ack": 2876118783, "rseq": 149, "flags": "PA", "t": 4758, "olen": 0, "opts": [], "rack": 199, "dir": "<"}, {"b": 0, "seq": 2876118783, "ack": 3808162762, "rseq": 199, "flags": "A", "t": 4762, "olen": 0, "opts": [], "rack": 45, "dir": ">"}, {"b": 150, "seq": 3808162762, "ack": 2876118783, "rseq": 45, "flags": "PA", "t": 4822, "olen": 0, "opts": [], "rack": 0, "dir": "<"}, {"b": 0, "seq": 2876118783, "ack": 3808162912, "rseq": 0, "flags": "A", "t": 4865, "olen": 0, "opts": [], "rack": 150, "dir": ">"}, {"b": 229, "seq": 2876118783, "ack": 3808162912, "rseq": 0, "flags": "PA", "t": 6804, "olen": 0, "opts": [], "rack": 150, "dir": ">"}, {"b": 0, "seq": 3808162912, "ack": 2876119012, "rseq": 150, "flags": "A", "t": 6804, "olen": 0, "opts": [], "rack": 229, "dir": "<"}, {"b": 45, "seq": 3808162912, "ack": 2876119012, "rseq": 0, "flags": "PA", "t": 6804, "olen": 0, "opts": [], "rack": 229, "dir": "<"}, {"b": 0, "seq": 2876119012, "ack": 3808162957, "rseq": 229, "flags": "A", "t": 6807, "olen": 0, "opts": [], "rack": 45, "dir": ">"}, {"b": 200, "seq": 2876119012, "ack": 3808162957, "rseq": 0, "flags": "PA", "t": 6820, "olen": 0, "opts": [], "rack": 45, "dir": ">"}, {"b": 45, "seq": 3808162957, "ack": 2876119212, "rseq": 45, "flags": "PA", "t": 6820, "olen": 0, "opts": [], "rack": 200, "dir": "<"}, {"b": 179, "seq": 3808163002, "ack": 2876119212, "rseq": 45, "flags": "PA", "t": 6822, "olen": 0, "opts": [], "rack": 200, "dir": "<"}, {"b": 0, "seq": 2876119212, "ack": 3808163002, "rseq": 200, "flags": "A", "t": 6824, "olen": 0, "opts": [], "rack": 0, "dir": ">"}, {"b": 0, "seq": 2876119212, "ack": 3808163181, "rseq": 0, "flags": "A", "t": 6825, "olen": 0, "opts": [], "rack": 179, "dir": ">"}, {"b": 147, "seq": 3808163181, "ack": 2876119212, "rseq": 179, "flags": "PA", "t": 7822, "olen": 0, "opts": [], "rack": 0, "dir": "<"}, {"b": 0, "seq": 2876119212, "ack": 3808163328, "rseq": 0, "flags": "A", "t": 7937, "olen": 0, "opts": [], "rack": 147, "dir": ">"}, {"b": 147, "seq": 3808163328, "ack": 2876119212, "rseq": 147, "flags": "PA", "t": 8822, "olen": 0, "opts": [], "rack": 0, "dir": "<"}, {"b": 0, "seq": 2876119212, "ack": 3808163475, "rseq": 0, "flags": "A", "t": 8862, "olen": 0, "opts": [], "rack": 147, "dir": ">"}, {"b": 229, "seq": 2876119212, "ack": 3808163475, "rseq": 0, "flags": "PA", "t": 9810, "olen": 0, "opts": [], "rack": 147, "dir": ">"}, {"b": 0, "seq": 3808163475, "ack": 2876119441, "rseq": 147, "flags": "A", "t": 9810, "olen": 0, "opts": [], "rack": 229, "dir": "<"}, {"b": 45, "seq": 3808163475, "ack": 2876119441, "rseq": 0, "flags": "PA", "t": 9811, "olen": 0, "opts": [], "rack": 229, "dir": "<"}, {"b": 0, "seq": 2876119441, "ack": 3808163520, "rseq": 229, "flags": "A", "t": 9814, "olen": 0, "opts": [], "rack": 45, "dir": ">"}, {"b": 147, "seq": 3808163520, "ack": 2876119441, "rseq": 45, "flags": "PA", "t": 9821, "olen": 0, "opts": [], "rack": 0, "dir": "<"}, {"b": 0, "seq": 2876119441, "ack": 3808163667, "rseq": 0, "flags": "A", "t": 9825, "olen": 0, "opts": [], "rack": 147, "dir": ">"}, {"b": 201, "seq": 2876119441, "ack": 3808163667, "rseq": 0, "flags": "PA", "t": 11216, "olen": 0, "opts": [], "rack": 147, "dir": ">"}, {"b": 45, "seq": 3808163667, "ack": 2876119642, "rseq": 147, "flags": "PA", "t": 11216, "olen": 0,