{"pr": 17, "time_start": 1551210055.114725, "bytes_out": 385, "sp": 5353, "packets": [{"b": 385, "ipt": 0, "dir": "<"}], "time_end": 1551210055.114725, "byte_dist_std": 52.046421, "da": "192.168.3.177", "wht": [70.829, 3.0364, 0.64156, 1.6701], "idp_out": "4500019d00f34000ff11f085c0a803d5c0a803b114e914e901898c01000084000000000500000000045f686170045f746370056c6f63616c00000c0001000000ff00210f545241444652492067617465776179045f686170045f746370056c6f63616c000f545241444652492067617465776179045f686170045f746370056c6f63616c0000108001000000ff00491469643d46333a32423a36303a44453a45383a3234126d643d5452414446524920676174657761790670763d312e300473233d310563233d31340473663d300466663d310463693d320f545241444652492067617465776179045f686170045f746370056c6f63616c0000218001000000ff002a0000000000501c545241444652492d476174657761792d623864376166326233326139056c6f63616c001c545241444652492d476174657761792d623864376166326233326139056c6f63616c0000018001000000ff0004c0a803d51c545241444652492d476174657761792d623864376166326233326139056c6f63616c00001c8001000000ff0010fe80000000000000bad7affffe2b32a9", "entropy": 5.363899, "num_pkts_out": 1, "idp_len_out": 413, "ip": {"out": {"id": [243], "ttl": 255}}, "expire_type": "a", "total_entropy": 2065.101204, "sa": "192.168.3.213", "byte_dist": [54, 6, 0, 1, 13, 9, 1, 0, 0, 0, 0, 0, 1, 0, 0, 3, 2, 0, 1, 0, 1, 0, 0, 0, 0, 0, 0, 0, 4, 0, 0, 0, 4, 2, 0, 2, 0, 0, 0, 0, 0, 0, 1, 1, 0, 6, 1, 0, 3, 4, 10, 4, 2, 0, 1, 3, 4, 3, 5, 0, 0, 8, 0, 0, 0, 7, 1, 0, 8, 2, 8, 3, 0, 8, 0, 0, 0, 0, 0, 0, 1, 0, 14, 0, 7, 0, 0, 0, 0, 0, 0, 0, 0, 0, 0, 8, 0, 31, 6, 13, 5, 7, 6, 4, 4, 2, 0, 0, 14, 1, 0, 7, 9, 0, 0, 2, 11, 0, 1, 7, 0, 7, 0, 0, 0, 0, 0, 0, 5, 0, 0, 0, 1, 0, 0, 0, 0, 0, 0, 0, 0, 0, 0, 0, 0, 0, 0, 0, 0, 0, 0, 0, 0, 0, 0, 0, 0, 0, 0, 0, 0, 0, 0, 0, 0, 0, 0, 0, 1, 1, 0, 0, 0, 0, 0, 1, 0, 0, 0, 0, 0, 0, 0, 0, 0, 0, 1, 0, 0, 0, 0, 0, 1, 0, 0, 0, 0, 0, 0, 0, 0, 0, 0, 0, 0, 0, 0, 0, 0, 0, 0, 0, 0, 1, 0, 1, 0, 0, 0, 0, 0, 0, 0, 0, 0, 0, 0, 0, 0, 0, 0, 0, 0, 0, 0, 0, 0, 0, 0, 0, 0, 0, 0, 0, 0, 0, 0, 0, 0, 0, 0, 0, 0, 0, 2, 6], "payload": {"out": "000084000000000500000000045f686170045f746370056c6f63616c00000c00"}, "dp": 5353, "byte_dist_mean": 70.828571, "flow_type": "MDNS"}
{"ip": {"in": {"id": [244, 245, 246, 247, 248, 249, 250, 251, 252, 253, 254, 255, 256, 257, 258, 259, 260, 261, 262, 263, 264, 265, 266, 267, 268, 269, 270, 271, 272, 273, 274, 275, 276, 277, 278], "ttl": 128}, "out": {"id": [0, 0, 0, 0, 0, 0, 0, 0, 0, 0, 0, 0, 0, 0, 0, 0, 0, 0, 0, 0, 0, 0, 0, 0, 0, 0, 0, 0, 0, 0, 0, 0, 0, 0, 0, 0, 0, 0, 0, 0, 0, 0, 0], "ttl": 64}}, "ppi": [{"b": 111, "seq": 510302231, "ack": 4014818965, "rseq": 0, "flags": "PA", "t": 0, "olen": 0, "opts": [], "rack": 0, "dir": ">"}, {"b": 0, "seq": 4014818965, "ack": 510302342, "rseq": 0, "flags": "A", "t": 0, "olen": 0, "opts": [], "rack": 111, "dir": "<"}, {"b": 211, "seq": 4014818965, "ack": 510302342, "rseq": 0, "flags": "PA", "t": 0, "olen": 0, "opts": [], "rack": 111, "dir": "<"}, {"b": 0, "seq": 510302342, "ack": 4014819176, "rseq": 111, "flags": "A", "t": 3, "olen": 0, "opts": [], "rack": 211, "dir": ">"}, {"b": 199, "seq": 510302342, "ack": 4014819176, "rseq": 0, "flags": "PA", "t": 926, "olen": 0, "opts": [], "rack": 211, "dir": ">"}, {"b": 45, "seq": 4014819176, "ack": 510302541, "rseq": 211, "flags": "PA", "t": 927, "olen": 0, "opts": [], "rack": 199, "dir": "<"}, {"b": 0, "seq": 510302541, "ack": 4014819221, "rseq": 199, "flags": "A", "t": 930, "olen": 0, "opts": [], "rack": 45, "dir": ">"}, {"b": 149, "seq": 4014819221, "ack": 510302541, "rseq": 45, "flags": "PA", "t": 953, "olen": 0, "opts": [], "rack": 0, "dir": "<"}, {"b": 0, "seq": 510302541, "ack": 4014819370, "rseq": 0, "flags": "A", "t": 957, "olen": 0, "opts": [], "rack": 149, "dir": ">"}, {"b": 199, "seq": 510302541, "ack": 4014819370, "rseq": 0, "flags": "PA", "t": 1989, "olen": 0, "opts": [], "rack": 149, "dir": ">"}, {"b": 0, "seq": 4014819370, "ack": 510302740, "rseq": 149, "flags": "A", "t": 1989, "olen": 0, "opts": [], "rack": 199, "dir": "<"}, {"b": 45, "seq": 4014819370, "ack": 510302740, "rseq": 0, "flags": "PA", "t": 1989, "olen": 0, "opts": [], "rack": 199, "dir": "<"}, {"b": 0, "seq": 510302740, "ack": 4014819415, "rseq": 199, "flags": "A", "t": 1992, "olen": 0, "opts": [], "rack": 45, "dir": ">"}, {"b": 150, "seq": 4014819415, "ack": 510302740, "rseq": 45, "flags": "PA", "t": 2953, "olen": 0, "opts": [], "rack": 0, "dir": "<"}, {"b": 0, "seq": 510302740, "ack": 4014819565, "rseq": 0, "flags": "A", "t": 2956, "olen": 0, "opts": [], "rack": 150, "dir": ">"}, {"b": 229, "seq": 510302740, "ack": 4014819565, "rseq": 0, "flags": "PA", "t": 3955, "olen": 0, "opts": [], "rack": 150, "dir": ">"}, {"b": 45, "seq": 4014819565, "ack": 510302969, "rseq": 150, "flags": "PA", "t": 3956, "olen": 0, "opts": [], "rack": 229, "dir": "<"}, {"b": 0, "seq": 510302969, "ack": 4014819610, "rseq": 229, "flags": "A", "t": 3959, "olen": 0, "opts": [], "rack": 45, "dir": ">"}, {"b": 229, "seq": 510302969, "ack": 4014819610, "rseq": 0, "flags": "PA", "t": 4227, "olen": 0, "opts": [], "rack": 45, "dir": ">"}, {"b": 0, "seq": 4014819610, "ack": 510303198, "rseq": 45, "flags": "A", "t": 4227, "olen": 0, "opts": [], "rack": 229, "dir": "<"}, {"b": 45, "seq": 4014819610, "ack": 510303198, "rseq": 0, "flags": "PA", "t": 4227, "olen": 0, "opts": [], "rack": 229, "dir": "<"}, {"b": 0, "seq": 510303198, "ack": 4014819655, "rseq": 229, "flags": "A", "t": 4230, "olen": 0, "opts": [], "rack": 45, "dir": ">"}, {"b": 229, "seq": 510303198, "ack": 4014819655, "rseq": 0, "flags": "PA", "t": 4347, "olen": 0, "opts": [], "rack": 45, "dir": ">"}, {"b": 45, "seq": 4014819655, "ack": 510303427, "rseq": 45, "flags": "PA", "t": 4348, "olen": 0, "opts": [], "rack": 229, "dir": "<"}, {"b": 0, "seq": 510303427, "ack": 4014819700, "rseq": 229, "flags": "A", "t": 4351, "olen": 0, "opts": [], "rack": 45, "dir": ">"}, {"b": 179, "seq": 4014819700, "ack": 510303427, "rseq": 45, "flags": "PA", "t": 4953, "olen": 0, "opts": [], "rack": 0, "dir": "<"}, {"b": 0, "seq": 510303427, "ack": 4014819879, "rseq": 0, "flags": "A", "t": 5001, "olen": 0, "opts": [], "rack": 179, "dir": ">"}, {"b": 229, "seq": 510303427, "ack": 4014819879, "rseq": 0, "flags": "PA", "t": 5636, "olen": 0, "opts": [], "rack": 179, "dir": ">"}, {"b": 0, "seq": 4014819879, "ack": 510303656, "rseq": 179, "flags": "A", "t": 5636, "olen": 0, "opts": [], "rack": 229, "dir": "<"}, {"b": 45, "seq": 4014819879, "ack": 510303656, "rseq": 0, "flags": "PA", "t": 5636, "olen": 0, "opts": [], "rack": 229, "dir": "<"}, {"b": 0, "seq": 510303656, "ack": 4014819924, "rseq": 229, "flags": "A", "t": 5639, "olen": 0, "opts": [], "rack": 45, "dir": ">"}, {"b": 147, "seq": 4014819924, "ack": 510303656, "rseq": 45, "flags": "PA", "t": 5953, "olen": 0, "opts": [], "rack": 0, "dir": "<"}, {"b": 0, "seq": 510303656, "ack": 4014820071, "rseq": 0, "flags": "A", "t": 6025, "olen": 0, "opts": [], "rack": 147, "dir": ">"}, {"b": 201, "seq": 510303656, "ack": 4014820071, "rseq": 0, "flags": "PA", "t": 7212, "olen": 0, "opts": [], "rack": 147, "dir": ">"}, {"b": 45, "seq": 4014820071, "ack": 510303857, "rseq": 147, "flags": "PA", "t": 7213, "olen": 0, "opts": [], "rack": 201, "dir": "<"}, {"b": 0, "seq": 510303857, "ack": 4014820116, "rseq": 201, "flags": "A", "t": 7216, "olen": 0, "opts": [], "rack": 45, "dir": ">"}, {"b": 201, "seq": 510303857, "ack": 4014820116, "rseq": 0, "flags": "PA", "t": 7748, "olen": 0, "opts": [], "rack": 45, "dir": ">"}, {"b": 0, "seq": 4014820116, "ack": 510304058, "rseq": 45, "flags": "A", "t": 7748, "olen": 0, "opts": [], "rack": 201, "dir": "<"}, {"b": 45, "seq": 4014820116, "ack": 510304058, "rseq": 0, "flags": "PA", "t": 7748, "olen": 0, "opts": [], "rack": 201, "dir": "<"}, {"b": 0, "seq": 510304058, "ack": 4014820161, "rseq": 201, "flags": "A", "t": 7751, "olen": 0, "opts": [], "rack": 45, "dir": ">"}, {"b": 148, "seq": 4014820161, "ack": 510304058, "rseq": 45, "flags": "PA", "t": 7953, "olen": 0, "opts": [], "rack": 0,